cogOTU_804	4QF6A	1	Loc090907-8-6m_megahit_metabat_bin-030	00065	3.6e-05	16.9	0.0	5e-05	16.5	0.0	1.2	1	hypothetical protein
cogOTU_804	4QF6A	1	Loclat_megahit_metabat_bin-02662	00016	3.6e-05	16.9	0.0	5e-05	16.5	0.0	1.2	1	hypothetical protein
cogOTU_804	4QBHT	1	Loc090721-8-6m_megahit_metabat_bin-0827	00001	2.5e-07	23.7	0.0	3e-07	23.5	0.0	1.1	1	hypothetical protein
cogOTU_804	4QBHT	1	Loc090907-8-6m_megahit_metabat_bin-030	00042	2.5e-07	23.7	0.0	3e-07	23.5	0.0	1.1	1	hypothetical protein
cogOTU_804	4QBHT	1	Loclat_megahit_metabat_bin-02662	00026	2.5e-07	23.7	0.0	3e-07	23.5	0.0	1.1	1	hypothetical protein
cogOTU_804	4QFIZ	1	Loc090721-8-6m_megahit_metabat_bin-0827	00016	0.0016	12.1	0.1	0.011	9.3	0.0	2.0	1	hypothetical protein
cogOTU_804	4QFIZ	1	Loc090907-8-6m_megahit_metabat_bin-030	00027	0.0016	12.1	0.1	0.011	9.3	0.0	2.0	1	hypothetical protein
cogOTU_804	4QFIZ	1	Loclat_megahit_metabat_bin-02662	00056	0.0016	12.1	0.1	0.011	9.3	0.0	2.0	1	hypothetical protein
cogOTU_804	4QGCZ	1	Loc090721-8-6m_megahit_metabat_bin-0827	00007	1.4e-05	18.2	0.1	2e-05	17.7	0.1	1.2	1	hypothetical protein
cogOTU_804	4QGCZ	1	Loclat_megahit_metabat_bin-02662	00020	2.6e-05	17.3	0.1	3.6e-05	16.8	0.1	1.2	1	hypothetical protein
cogOTU_804	4QGCZ	1	Loc090907-8-6m_megahit_metabat_bin-030	00036	2.6e-05	17.3	0.1	3.6e-05	16.8	0.1	1.2	1	hypothetical protein
cogOTU_804	4QB6J	1	Loc090721-8-6m_megahit_metabat_bin-0827	00037	2.1e-17	57.4	6.1	2.4e-11	37.6	1.4	2.3	2	hypothetical protein
cogOTU_804	4QB6J	1	Loc090907-8-6m_megahit_metabat_bin-030	00047	2.1e-17	57.4	6.1	2.4e-11	37.6	1.4	2.3	2	hypothetical protein
cogOTU_804	4QB6J	1	Loclat_megahit_metabat_bin-02662	00030	2.1e-17	57.4	6.1	2.4e-11	37.6	1.4	2.3	2	hypothetical protein
cogOTU_804	4QEHN	1	Loc090721-8-6m_megahit_metabat_bin-0827	00031	2.5e-05	17.4	0.0	3.5e-05	16.9	0.0	1.2	1	hypothetical protein
cogOTU_804	4QEHN	1	Loc090907-8-6m_megahit_metabat_bin-030	00004	2.5e-05	17.4	0.0	3.5e-05	16.9	0.0	1.2	1	hypothetical protein
cogOTU_804	4QEHN	1	Loclat_megahit_metabat_bin-02662	00007	2.5e-05	17.4	0.0	3.5e-05	16.9	0.0	1.2	1	hypothetical protein
cogOTU_804	4QAZF	1	Loc090721-8-6m_megahit_metabat_bin-0827	00038	9.6e-07	23.0	0.4	3e-06	21.3	0.0	2.0	1	hypothetical protein
cogOTU_804	4QAZF	1	Loc090907-8-6m_megahit_metabat_bin-030	00048	9.6e-07	23.0	0.4	3e-06	21.3	0.0	2.0	1	hypothetical protein
cogOTU_804	4QAZF	1	Loclat_megahit_metabat_bin-02662	00031	9.6e-07	23.0	0.4	3e-06	21.3	0.0	2.0	1	hypothetical protein
cogOTU_804	4QC8M	1	Loc090907-8-6m_megahit_metabat_bin-030	00043	3.1e-65	213.7	0.0	3.6e-65	213.5	0.0	1.0	1	hypothetical protein
cogOTU_804	4QC8M	1	Loclat_megahit_metabat_bin-02662	00065	3.1e-65	213.7	0.0	3.6e-65	213.5	0.0	1.0	1	hypothetical protein
cogOTU_804	4QH3H	1	Loc090907-8-6m_megahit_metabat_bin-030	00060	1.6e-06	21.0	0.0	6.7e-06	18.9	0.0	1.9	1	hypothetical protein
cogOTU_804	4QH3H	1	Loclat_megahit_metabat_bin-02662	00012	1.6e-06	21.0	0.0	6.7e-06	18.9	0.0	1.9	1	hypothetical protein
cogOTU_804	4QEUB	1	Loc090907-8-6m_megahit_metabat_bin-030	00054	0.0004	13.7	0.0	0.00046	13.5	0.0	1.1	1	hypothetical protein
cogOTU_804	4QEUB	1	Loclat_megahit_metabat_bin-02662	00037	0.0004	13.7	0.0	0.00046	13.5	0.0	1.1	1	hypothetical protein
cogOTU_804	4QH9Q	1	Loc090721-8-6m_megahit_metabat_bin-0827	00003	1.7e-06	21.1	0.1	2.1e-06	20.9	0.1	1.2	1	hypothetical protein
cogOTU_804	4QH9Q	1	Loc090907-8-6m_megahit_metabat_bin-030	00040	1.7e-06	21.1	0.1	2.1e-06	20.9	0.1	1.2	1	hypothetical protein
cogOTU_804	4QH9Q	1	Loclat_megahit_metabat_bin-02662	00024	1.7e-06	21.1	0.1	2.1e-06	20.9	0.1	1.2	1	hypothetical protein
cogOTU_804	4QH55	1	Loclat_megahit_metabat_bin-02662	00020	2.3e-08	26.8	4.1	8e-07	21.7	0.8	2.0	2	hypothetical protein
cogOTU_804	4QH55	1	Loc090907-8-6m_megahit_metabat_bin-030	00036	2.3e-08	26.8	4.1	8e-07	21.7	0.8	2.0	2	hypothetical protein
cogOTU_804	4QH55	1	Loc090721-8-6m_megahit_metabat_bin-0827	00007	2.6e-08	26.6	4.1	9e-07	21.5	0.7	2.0	2	hypothetical protein
cogOTU_804	4QDS8	1	Loclat_megahit_metabat_bin-02662	00068	0.001	11.7	0.0	0.001	11.7	0.0	1.0	1	hypothetical protein
cogOTU_804	4QD9U	1	Loc090721-8-6m_megahit_metabat_bin-0827	00003	1.2e-07	25.2	0.0	1.4e-07	25.0	0.0	1.1	1	hypothetical protein
cogOTU_804	4QD9U	1	Loc090907-8-6m_megahit_metabat_bin-030	00040	1.2e-07	25.2	0.0	1.4e-07	25.0	0.0	1.1	1	hypothetical protein
cogOTU_804	4QD9U	1	Loclat_megahit_metabat_bin-02662	00024	1.2e-07	25.2	0.0	1.4e-07	25.0	0.0	1.1	1	hypothetical protein
cogOTU_804	4QE5H	1	Loc090721-8-6m_megahit_metabat_bin-0827	00007	4.5e-09	29.4	0.1	6.2e-09	28.9	0.1	1.2	1	hypothetical protein
cogOTU_804	4QE5H	1	Loc090907-8-6m_megahit_metabat_bin-030	00036	6.7e-09	28.8	0.1	9.3e-09	28.3	0.1	1.2	1	hypothetical protein
cogOTU_804	4QE5H	1	Loclat_megahit_metabat_bin-02662	00020	6.7e-09	28.8	0.1	9.3e-09	28.3	0.1	1.2	1	hypothetical protein
cogOTU_804	4QGT2	1	Loc090721-8-6m_megahit_metabat_bin-0827	00016	0.0001	15.9	0.0	0.0012	12.4	0.0	2.0	2	hypothetical protein
cogOTU_804	4QGT2	1	Loc090907-8-6m_megahit_metabat_bin-030	00027	0.0001	15.9	0.0	0.0012	12.4	0.0	2.0	2	hypothetical protein
cogOTU_804	4QGT2	1	Loclat_megahit_metabat_bin-02662	00056	0.0001	15.9	0.0	0.0012	12.4	0.0	2.0	2	hypothetical protein
cogOTU_804	4QGW7	1	Loc090721-8-6m_megahit_metabat_bin-0827	00016	2.1e-18	60.1	0.0	2.6e-18	59.8	0.0	1.1	1	hypothetical protein
cogOTU_804	4QGW7	1	Loc090907-8-6m_megahit_metabat_bin-030	00027	2.1e-18	60.1	0.0	2.6e-18	59.8	0.0	1.1	1	hypothetical protein
cogOTU_804	4QGW7	1	Loclat_megahit_metabat_bin-02662	00056	2.1e-18	60.1	0.0	2.6e-18	59.8	0.0	1.1	1	hypothetical protein
cogOTU_804	4QAUD	1	Loc090907-8-6m_megahit_metabat_bin-030	00039	5.9e-09	29.1	0.0	7.8e-09	28.7	0.0	1.1	1	hypothetical protein
cogOTU_804	4QAUD	1	Loclat_megahit_metabat_bin-02662	00023	5.9e-09	29.1	0.0	7.8e-09	28.7	0.0	1.1	1	hypothetical protein
cogOTU_804	4QAUD	1	Loc090721-8-6m_megahit_metabat_bin-0827	00004	6.8e-09	28.9	0.0	9e-09	28.5	0.0	1.1	1	hypothetical protein
cogOTU_804	4QCFY	1	Loclat_megahit_metabat_bin-02662	00059	1.6e-88	290.2	1.1	1.8e-88	290.0	1.1	1.0	1	hypothetical protein
cogOTU_804	4QCFY	1	Loc090721-8-6m_megahit_metabat_bin-0827	00019	1.4e-87	287.1	0.9	1.5e-87	287.0	0.9	1.0	1	hypothetical protein
cogOTU_804	4QCFY	1	Loc090907-8-6m_megahit_metabat_bin-030	00024	1.4e-87	287.1	0.9	1.5e-87	287.0	0.9	1.0	1	hypothetical protein
cogOTU_804	4QHM7	1	Loc090721-8-6m_megahit_metabat_bin-0827	00005	1.2e-13	44.1	0.0	3.9e-06	19.4	0.0	3.3	3	hypothetical protein
cogOTU_804	4QHM7	1	Loc090907-8-6m_megahit_metabat_bin-030	00038	1.2e-13	44.1	0.0	3.9e-06	19.4	0.0	3.3	3	hypothetical protein
cogOTU_804	4QHM7	1	Loclat_megahit_metabat_bin-02662	00022	1.2e-13	44.1	0.0	3.9e-06	19.4	0.0	3.3	3	hypothetical protein
cogOTU_804	4QAUG	1	Loc090907-8-6m_megahit_metabat_bin-030	00062	3e-08	26.5	0.1	4.5e-08	25.9	0.1	1.3	1	hypothetical protein
cogOTU_804	4QAUG	1	Loc090721-8-6m_megahit_metabat_bin-0827	00023	3.9e-08	26.1	0.1	6e-08	25.5	0.1	1.3	1	hypothetical protein
cogOTU_804	4QAUG	1	Loclat_megahit_metabat_bin-02662	00014	3.9e-08	26.1	0.1	6e-08	25.5	0.1	1.3	1	hypothetical protein
cogOTU_804	4QAIS	1	Loc090907-8-6m_megahit_metabat_bin-030	00055	0.001	12.4	0.0	0.0014	12.0	0.0	1.2	1	hypothetical protein
cogOTU_804	4QAIS	1	Loclat_megahit_metabat_bin-02662	00038	0.001	12.4	0.0	0.0014	12.0	0.0	1.2	1	hypothetical protein
cogOTU_804	4QAUS	1	Loc090907-8-6m_megahit_metabat_bin-030	00066	3.4e-33	108.4	0.3	3.8e-33	108.2	0.3	1.1	1	Flavin-dependent thymidylate synthase
cogOTU_804	4QAUS	1	Loclat_megahit_metabat_bin-02662	00017	3.4e-33	108.4	0.3	3.8e-33	108.2	0.3	1.1	1	Flavin-dependent thymidylate synthase
cogOTU_804	4QDVS	1	Loc090721-8-6m_megahit_metabat_bin-0827	00007	1.6e-07	24.5	1.1	3.2e-07	23.5	0.7	1.5	2	hypothetical protein
cogOTU_804	4QDVS	1	Loclat_megahit_metabat_bin-02662	00020	2.4e-07	23.9	0.8	4.8e-07	22.9	0.6	1.5	2	hypothetical protein
cogOTU_804	4QDVS	1	Loc090907-8-6m_megahit_metabat_bin-030	00036	2.6e-07	23.8	0.8	5.4e-07	22.7	0.4	1.4	1	hypothetical protein
cogOTU_804	4QFNJ	1	Loc090907-8-6m_megahit_metabat_bin-030	00017	9.2e-15	47.8	2.9	9.6e-10	31.2	0.1	2.3	2	hypothetical protein
cogOTU_804	4QFNJ	1	Loclat_megahit_metabat_bin-02662	00048	9.2e-15	47.8	2.9	9.6e-10	31.2	0.1	2.3	2	hypothetical protein
cogOTU_804	4QEP7	1	Loc090721-8-6m_megahit_metabat_bin-0827	00001	8.8e-16	51.3	0.1	1.1e-15	51.0	0.1	1.1	1	hypothetical protein
cogOTU_804	4QEP7	1	Loc090907-8-6m_megahit_metabat_bin-030	00042	8.8e-16	51.3	0.1	1.1e-15	51.0	0.1	1.1	1	hypothetical protein
cogOTU_804	4QEP7	1	Loclat_megahit_metabat_bin-02662	00026	8.8e-16	51.3	0.1	1.1e-15	51.0	0.1	1.1	1	hypothetical protein
cogOTU_804	4QGAG	1	Loc090907-8-6m_megahit_metabat_bin-030	00017	1.2e-24	80.0	2.3	1e-19	63.7	0.2	2.1	2	hypothetical protein
cogOTU_804	4QGAG	1	Loclat_megahit_metabat_bin-02662	00048	1.2e-24	80.0	2.3	1e-19	63.7	0.2	2.1	2	hypothetical protein
cogOTU_804	4QF3Y	1	Loc090907-8-6m_megahit_metabat_bin-030	00018	0.00064	13.2	0.2	0.0008	12.9	0.2	1.3	1	hypothetical protein
cogOTU_804	4QF3Y	1	Loclat_megahit_metabat_bin-02662	00069	0.00064	13.2	0.2	0.0008	12.9	0.2	1.3	1	hypothetical protein
cogOTU_804	4QBAW	1	Loc090907-8-6m_megahit_metabat_bin-030	00039	3.9e-12	39.7	0.0	4.9e-12	39.4	0.0	1.3	1	hypothetical protein
cogOTU_804	4QBAW	1	Loclat_megahit_metabat_bin-02662	00023	3.9e-12	39.7	0.0	4.9e-12	39.4	0.0	1.3	1	hypothetical protein
cogOTU_804	4QBAW	1	Loc090721-8-6m_megahit_metabat_bin-0827	00004	4.4e-12	39.6	0.0	7e-12	38.9	0.0	1.3	1	hypothetical protein
cogOTU_804	4QGR7	1	Loc090907-8-6m_megahit_metabat_bin-030	00008	0.00022	14.4	0.1	0.00051	13.2	0.1	1.5	1	hypothetical protein
cogOTU_804	4QGR7	1	Loclat_megahit_metabat_bin-02662	00003	0.00022	14.4	0.1	0.00051	13.2	0.1	1.5	1	hypothetical protein
cogOTU_804	4QDMR	1	Loc090907-8-6m_megahit_metabat_bin-030	00020	0.00084	12.8	0.0	0.00096	12.6	0.0	1.1	1	hypothetical protein
cogOTU_804	4QDMR	1	Loclat_megahit_metabat_bin-02662	00067	0.00084	12.8	0.0	0.00096	12.6	0.0	1.1	1	hypothetical protein
cogOTU_804	4QBY0	1	Loc090907-8-6m_megahit_metabat_bin-030	00061	1.1e-39	130.2	0.0	8.6e-39	127.2	0.0	2.0	1	ATP-dependent RecD-like DNA helicase
cogOTU_804	4QBY0	1	Loclat_megahit_metabat_bin-02662	00013	1.1e-39	130.2	0.0	8.6e-39	127.2	0.0	2.0	1	ATP-dependent RecD-like DNA helicase
cogOTU_804	4QBY0	1	Loc090721-8-6m_megahit_metabat_bin-0827	00022	1.1e-39	130.2	0.0	8.6e-39	127.2	0.0	2.0	1	ATP-dependent RecD-like DNA helicase
cogOTU_804	4QBU2	1	Loc090907-8-6m_megahit_metabat_bin-030	00061	0.00036	13.6	0.0	0.0012	11.9	0.0	1.7	1	ATP-dependent RecD-like DNA helicase
cogOTU_804	4QBU2	1	Loclat_megahit_metabat_bin-02662	00013	0.00036	13.6	0.0	0.0012	11.9	0.0	1.7	1	ATP-dependent RecD-like DNA helicase
cogOTU_804	4QBU2	1	Loc090721-8-6m_megahit_metabat_bin-0827	00022	0.00036	13.6	0.0	0.0012	11.9	0.0	1.7	1	ATP-dependent RecD-like DNA helicase
cogOTU_804	4QC5Z	1	Loc090907-8-6m_megahit_metabat_bin-030	00044	2.1e-15	50.6	0.5	2.6e-15	50.2	0.5	1.1	1	hypothetical protein
cogOTU_804	4QC5Z	1	Loclat_megahit_metabat_bin-02662	00064	2.1e-15	50.6	0.5	2.6e-15	50.2	0.5	1.1	1	hypothetical protein
cogOTU_804	4QG67	1	Loc090721-8-6m_megahit_metabat_bin-0827	00016	7.6e-23	74.5	0.0	1.1e-22	74.0	0.0	1.4	1	hypothetical protein
cogOTU_804	4QG67	1	Loc090907-8-6m_megahit_metabat_bin-030	00027	7.6e-23	74.5	0.0	1.1e-22	74.0	0.0	1.4	1	hypothetical protein
cogOTU_804	4QG67	1	Loclat_megahit_metabat_bin-02662	00056	7.6e-23	74.5	0.0	1.1e-22	74.0	0.0	1.4	1	hypothetical protein
cogOTU_804	4QB8Y	1	Loclat_megahit_metabat_bin-02662	00028	0.00013	14.8	0.0	0.0017	11.1	0.0	2.0	2	hypothetical protein
cogOTU_804	4QB8Y	1	Loc090721-8-6m_megahit_metabat_bin-0827	00034	0.00015	14.6	0.0	0.0017	11.1	0.0	1.9	2	hypothetical protein
cogOTU_804	4QB8Y	1	Loc090907-8-6m_megahit_metabat_bin-030	00045	0.00049	12.9	0.0	0.00063	12.5	0.0	1.1	1	hypothetical protein
cogOTU_804	4QDXX	1	Loc090907-8-6m_megahit_metabat_bin-030	00065	3.3e-05	17.0	0.0	4.8e-05	16.5	0.0	1.3	1	hypothetical protein
cogOTU_804	4QDXX	1	Loclat_megahit_metabat_bin-02662	00016	3.3e-05	17.0	0.0	4.8e-05	16.5	0.0	1.3	1	hypothetical protein
cogOTU_804	4QB1P	1	Loc090907-8-6m_megahit_metabat_bin-030	00060	6.5e-20	64.7	0.5	8.5e-17	54.4	0.0	2.2	2	hypothetical protein
cogOTU_804	4QB1P	1	Loclat_megahit_metabat_bin-02662	00012	6.5e-20	64.7	0.5	8.5e-17	54.4	0.0	2.2	2	hypothetical protein
cogOTU_804	4QE8W	1	Loc090907-8-6m_megahit_metabat_bin-030	00017	1.2e-85	281.4	0.4	1.5e-85	281.1	0.4	1.0	1	hypothetical protein
cogOTU_804	4QE8W	1	Loclat_megahit_metabat_bin-02662	00048	1.2e-85	281.4	0.4	1.5e-85	281.1	0.4	1.0	1	hypothetical protein
cogOTU_804	4QFYA	1	Loclat_megahit_metabat_bin-02662	00027	0.00013	13.6	0.0	0.0002	12.9	0.0	1.3	1	hypothetical protein
cogOTU_804	4QBED	1	Loc090721-8-6m_megahit_metabat_bin-0827	00011	3.4e-08	26.9	0.0	4.3e-08	26.6	0.0	1.1	1	hypothetical protein
cogOTU_804	4QBED	1	Loc090907-8-6m_megahit_metabat_bin-030	00032	3.4e-08	26.9	0.0	4.3e-08	26.6	0.0	1.1	1	hypothetical protein
cogOTU_804	4QBED	1	Loclat_megahit_metabat_bin-02662	00051	3.4e-08	26.9	0.0	4.3e-08	26.6	0.0	1.1	1	hypothetical protein
cogOTU_804	4QBED	1	Loc090907-8-6m_megahit_metabat_bin-030	00031	2.1e-07	24.4	0.2	3.5e-07	23.6	0.2	1.5	1	hypothetical protein
cogOTU_804	4QBED	1	Loc090721-8-6m_megahit_metabat_bin-0827	00012	2.4e-07	24.2	0.2	4e-07	23.4	0.2	1.5	1	hypothetical protein
cogOTU_804	4QBED	1	Loclat_megahit_metabat_bin-02662	00052	2.8e-07	24.0	0.2	4.7e-07	23.2	0.2	1.5	1	hypothetical protein
cogOTU_804	4QE8Z	1	Loc090721-8-6m_megahit_metabat_bin-0827	00027	2.1e-14	46.9	0.2	7.3e-13	41.9	0.1	2.0	2	hypothetical protein
cogOTU_804	4QASW	1	Loclat_megahit_metabat_bin-02662	00003	4.7e-39	127.9	6.3	6.2e-39	127.6	6.3	1.0	1	hypothetical protein
cogOTU_804	4QASW	1	Loc090907-8-6m_megahit_metabat_bin-030	00008	5.7e-39	127.7	6.6	7.4e-39	127.3	6.6	1.0	1	hypothetical protein
cogOTU_804	4QCKK	1	Loclat_megahit_metabat_bin-02662	00021	0.00018	15.0	0.0	0.00021	14.8	0.0	1.2	1	hypothetical protein
cogOTU_804	4QCKK	1	Loc090721-8-6m_megahit_metabat_bin-0827	00006	0.00027	14.5	0.0	0.00031	14.3	0.0	1.2	1	hypothetical protein
cogOTU_804	4QCKK	1	Loc090907-8-6m_megahit_metabat_bin-030	00037	0.00027	14.5	0.0	0.00031	14.3	0.0	1.2	1	hypothetical protein
cogOTU_804	4QBD9	1	Loc090721-8-6m_megahit_metabat_bin-0827	00011	3.4e-30	98.1	0.0	3.7e-30	97.9	0.0	1.0	1	hypothetical protein
cogOTU_804	4QBD9	1	Loc090907-8-6m_megahit_metabat_bin-030	00032	3.4e-30	98.1	0.0	3.7e-30	97.9	0.0	1.0	1	hypothetical protein
cogOTU_804	4QBD9	1	Loclat_megahit_metabat_bin-02662	00051	3.4e-30	98.1	0.0	3.7e-30	97.9	0.0	1.0	1	hypothetical protein
cogOTU_804	4QBD9	1	Loc090907-8-6m_megahit_metabat_bin-030	00031	6.1e-23	74.5	0.5	7e-23	74.3	0.5	1.0	1	hypothetical protein
cogOTU_804	4QBD9	1	Loc090721-8-6m_megahit_metabat_bin-0827	00012	9.3e-23	73.9	0.5	1.1e-22	73.7	0.5	1.0	1	hypothetical protein
cogOTU_804	4QBD9	1	Loclat_megahit_metabat_bin-02662	00052	1.6e-22	73.1	0.4	1.8e-22	73.0	0.4	1.0	1	hypothetical protein
cogOTU_804	4QCF5	1	Loc090907-8-6m_megahit_metabat_bin-030	00045	0.0012	11.5	0.0	0.002	10.7	0.0	1.3	1	hypothetical protein
cogOTU_804	4QEUV	1	Loc090907-8-6m_megahit_metabat_bin-030	00039	1.9e-06	20.9	0.0	2.6e-06	20.4	0.0	1.1	1	hypothetical protein
cogOTU_804	4QEUV	1	Loclat_megahit_metabat_bin-02662	00023	1.9e-06	20.9	0.0	2.6e-06	20.4	0.0	1.1	1	hypothetical protein
cogOTU_804	4QEUV	1	Loc090721-8-6m_megahit_metabat_bin-0827	00004	2.1e-06	20.7	0.0	2.9e-06	20.3	0.0	1.1	1	hypothetical protein
cogOTU_804	4QD0J	1	Loc090721-8-6m_megahit_metabat_bin-0827	00027	6.1e-94	307.1	0.1	6.8e-94	307.0	0.1	1.0	1	hypothetical protein
cogOTU_804	4QFPX	1	Loc090721-8-6m_megahit_metabat_bin-0827	00003	5e-11	36.5	0.1	6.4e-11	36.2	0.1	1.0	1	hypothetical protein
cogOTU_804	4QFPX	1	Loc090907-8-6m_megahit_metabat_bin-030	00040	5e-11	36.5	0.1	6.4e-11	36.2	0.1	1.0	1	hypothetical protein
cogOTU_804	4QFPX	1	Loclat_megahit_metabat_bin-02662	00024	5e-11	36.5	0.1	6.4e-11	36.2	0.1	1.0	1	hypothetical protein
cogOTU_804	4QD70	1	Loc090907-8-6m_megahit_metabat_bin-030	00039	8.2e-20	64.6	0.0	1e-19	64.3	0.0	1.1	1	hypothetical protein
cogOTU_804	4QD70	1	Loclat_megahit_metabat_bin-02662	00023	8.2e-20	64.6	0.0	1e-19	64.3	0.0	1.1	1	hypothetical protein
cogOTU_804	4QD70	1	Loc090721-8-6m_megahit_metabat_bin-0827	00004	9.3e-20	64.4	0.0	1.2e-19	64.1	0.0	1.1	1	hypothetical protein
cogOTU_804	4QG02	1	Loc090907-8-6m_megahit_metabat_bin-030	00006	2e-10	33.9	0.0	3.1e-10	33.3	0.0	1.3	1	hypothetical protein
cogOTU_804	4QG02	1	Loclat_megahit_metabat_bin-02662	00005	2e-10	33.9	0.0	3.1e-10	33.3	0.0	1.3	1	hypothetical protein
cogOTU_804	4QCH6	1	Loc090907-8-6m_megahit_metabat_bin-030	00061	7.3e-17	54.1	0.7	1.2e-13	43.5	0.1	3.0	2	ATP-dependent RecD-like DNA helicase
cogOTU_804	4QCH6	1	Loclat_megahit_metabat_bin-02662	00013	7.3e-17	54.1	0.7	1.2e-13	43.5	0.1	3.0	2	ATP-dependent RecD-like DNA helicase
cogOTU_804	4QCH6	1	Loc090721-8-6m_megahit_metabat_bin-0827	00022	7.3e-17	54.1	0.7	1.2e-13	43.5	0.1	3.0	2	ATP-dependent RecD-like DNA helicase
cogOTU_804	4QHE9	1	Loc090907-8-6m_megahit_metabat_bin-030	00028	0.0001	15.6	0.0	0.00011	15.4	0.0	1.1	1	hypothetical protein
cogOTU_804	4QHE9	1	Loc090721-8-6m_megahit_metabat_bin-0827	00015	0.00011	15.5	0.0	0.00012	15.3	0.0	1.1	1	hypothetical protein
cogOTU_804	4QHE9	1	Loclat_megahit_metabat_bin-02662	00055	0.00011	15.5	0.0	0.00012	15.3	0.0	1.1	1	hypothetical protein
cogOTU_804	4QFRQ	1	Loc090907-8-6m_megahit_metabat_bin-030	00017	0.00017	14.4	0.0	0.00055	12.8	0.0	1.8	1	hypothetical protein
cogOTU_804	4QFRQ	1	Loclat_megahit_metabat_bin-02662	00048	0.00017	14.4	0.0	0.00055	12.8	0.0	1.8	1	hypothetical protein
cogOTU_804	4QEQS	1	Loc090721-8-6m_megahit_metabat_bin-0827	00027	4e-11	36.3	1.8	4.2e-10	32.9	1.8	2.5	1	hypothetical protein
cogOTU_804	4QCFC	1	Loc090907-8-6m_megahit_metabat_bin-030	00063	0.00013	15.1	0.0	0.00016	14.9	0.0	1.0	1	hypothetical protein
cogOTU_804	4QGD7	1	Loc090721-8-6m_megahit_metabat_bin-0827	00016	2.7e-15	50.1	0.0	3.8e-15	49.6	0.0	1.4	1	hypothetical protein
cogOTU_804	4QGD7	1	Loc090907-8-6m_megahit_metabat_bin-030	00027	2.7e-15	50.1	0.0	3.8e-15	49.6	0.0	1.4	1	hypothetical protein
cogOTU_804	4QGD7	1	Loclat_megahit_metabat_bin-02662	00056	2.7e-15	50.1	0.0	3.8e-15	49.6	0.0	1.4	1	hypothetical protein
cogOTU_804	4QCTV	1	Loclat_megahit_metabat_bin-02662	00021	9.9e-10	31.8	0.0	1e-09	31.8	0.0	1.0	1	hypothetical protein
cogOTU_804	4QCTV	1	Loc090721-8-6m_megahit_metabat_bin-0827	00006	1.9e-09	30.9	0.0	1.9e-09	30.9	0.0	1.0	1	hypothetical protein
cogOTU_804	4QCTV	1	Loc090907-8-6m_megahit_metabat_bin-030	00037	1.9e-09	30.9	0.0	1.9e-09	30.9	0.0	1.0	1	hypothetical protein
cogOTU_804	4QC4G	1	Loc090721-8-6m_megahit_metabat_bin-0827	00003	1.5e-12	41.0	0.0	1.6e-12	40.9	0.0	1.0	1	hypothetical protein
cogOTU_804	4QC4G	1	Loc090907-8-6m_megahit_metabat_bin-030	00040	1.5e-12	41.0	0.0	1.6e-12	40.9	0.0	1.0	1	hypothetical protein
cogOTU_804	4QC4G	1	Loclat_megahit_metabat_bin-02662	00024	1.5e-12	41.0	0.0	1.6e-12	40.9	0.0	1.0	1	hypothetical protein
cogOTU_804	4QDHE	1	Loc090721-8-6m_megahit_metabat_bin-0827	00016	2.1e-13	43.6	0.0	3.5e-13	42.8	0.0	1.5	1	hypothetical protein
cogOTU_804	4QDHE	1	Loc090907-8-6m_megahit_metabat_bin-030	00027	2.1e-13	43.6	0.0	3.5e-13	42.8	0.0	1.5	1	hypothetical protein
cogOTU_804	4QDHE	1	Loclat_megahit_metabat_bin-02662	00056	2.1e-13	43.6	0.0	3.5e-13	42.8	0.0	1.5	1	hypothetical protein
cogOTU_804	4QAZE	1	Loc090721-8-6m_megahit_metabat_bin-0827	00037	9e-12	38.7	2.3	1.1e-10	35.1	2.3	2.1	1	hypothetical protein
cogOTU_804	4QAZE	1	Loc090907-8-6m_megahit_metabat_bin-030	00047	9e-12	38.7	2.3	1.1e-10	35.1	2.3	2.1	1	hypothetical protein
cogOTU_804	4QAZE	1	Loclat_megahit_metabat_bin-02662	00030	9e-12	38.7	2.3	1.1e-10	35.1	2.3	2.1	1	hypothetical protein
cogOTU_804	4QE9Q	1	Loc090907-8-6m_megahit_metabat_bin-030	00009	0.0023	11.7	2.2	0.019	8.7	0.1	2.1	2	hypothetical protein
cogOTU_804	4QE9Q	1	Loclat_megahit_metabat_bin-02662	00002	0.0023	11.7	2.2	0.019	8.7	0.1	2.1	2	hypothetical protein
cogOTU_804	4QATH	1	Loc090721-8-6m_megahit_metabat_bin-0827	00003	2.9e-08	27.2	0.0	3.4e-08	27.0	0.0	1.1	1	hypothetical protein
cogOTU_804	4QATH	1	Loc090907-8-6m_megahit_metabat_bin-030	00040	2.9e-08	27.2	0.0	3.4e-08	27.0	0.0	1.1	1	hypothetical protein
cogOTU_804	4QATH	1	Loclat_megahit_metabat_bin-02662	00024	2.9e-08	27.2	0.0	3.4e-08	27.0	0.0	1.1	1	hypothetical protein
cogOTU_804	4QGRT	1	Loclat_megahit_metabat_bin-02662	00027	0.00012	13.7	0.0	0.00018	13.1	0.0	1.3	1	hypothetical protein
cogOTU_804	4QF7H	1	Loc090907-8-6m_megahit_metabat_bin-030	00017	3.4e-24	78.4	0.0	2.6e-18	59.0	0.0	2.0	2	hypothetical protein
cogOTU_804	4QF7H	1	Loclat_megahit_metabat_bin-02662	00048	3.4e-24	78.4	0.0	2.6e-18	59.0	0.0	2.0	2	hypothetical protein
cogOTU_804	4QGYM	1	Loc090721-8-6m_megahit_metabat_bin-0827	00022	6e-12	38.7	0.5	6.1e-11	35.4	0.1	2.5	2	ATP-dependent RecD-like DNA helicase
cogOTU_804	4QGYM	1	Loc090907-8-6m_megahit_metabat_bin-030	00061	6.1e-12	38.7	0.5	6.1e-11	35.4	0.1	2.5	2	ATP-dependent RecD-like DNA helicase
cogOTU_804	4QGYM	1	Loclat_megahit_metabat_bin-02662	00013	6.1e-12	38.7	0.5	6.1e-11	35.4	0.1	2.5	2	ATP-dependent RecD-like DNA helicase
cogOTU_804	4QB40	1	Loc090721-8-6m_megahit_metabat_bin-0827	00028	3.4e-27	88.4	1.7	7.1e-27	87.4	1.7	1.5	1	hypothetical protein
cogOTU_804	4QB40	1	Loclat_megahit_metabat_bin-02662	00018	3.4e-27	88.4	3.2	7.2e-27	87.4	3.2	1.5	1	hypothetical protein
cogOTU_804	4QB40	1	Loc090907-8-6m_megahit_metabat_bin-030	00067	4e-27	88.2	3.7	8.4e-27	87.1	3.7	1.5	1	hypothetical protein
cogOTU_804	4QAY9	1	Loc090907-8-6m_megahit_metabat_bin-030	00062	1.3e-20	67.3	0.0	3.7e-20	65.8	0.0	1.2	1	hypothetical protein
cogOTU_804	4QAY9	1	Loc090721-8-6m_megahit_metabat_bin-0827	00023	1.8e-20	66.8	0.0	2.1e-20	66.6	0.0	1.2	1	hypothetical protein
cogOTU_804	4QAY9	1	Loclat_megahit_metabat_bin-02662	00014	1.8e-20	66.8	0.0	2.1e-20	66.6	0.0	1.2	1	hypothetical protein
cogOTU_804	4QB1C	1	Loc090907-8-6m_megahit_metabat_bin-030	00062	6.9e-05	15.7	0.0	0.00014	14.7	0.0	1.4	1	hypothetical protein
cogOTU_804	4QB1C	1	Loc090721-8-6m_megahit_metabat_bin-0827	00023	9.5e-05	15.2	0.0	0.00019	14.3	0.0	1.4	1	hypothetical protein
cogOTU_804	4QB1C	1	Loclat_megahit_metabat_bin-02662	00014	9.5e-05	15.2	0.0	0.00019	14.3	0.0	1.4	1	hypothetical protein
cogOTU_804	4QAIK	1	Loc090907-8-6m_megahit_metabat_bin-030	00051	1.5e-11	38.2	0.0	1.9e-11	37.9	0.0	1.1	1	hypothetical protein
cogOTU_804	4QAIK	1	Loclat_megahit_metabat_bin-02662	00034	1.5e-11	38.2	0.0	1.9e-11	37.9	0.0	1.1	1	hypothetical protein
cogOTU_804	4QB1F	1	Loc090721-8-6m_megahit_metabat_bin-0827	00016	8.7e-06	19.7	0.1	6.3e-05	17.0	0.0	2.0	1	hypothetical protein
cogOTU_804	4QB1F	1	Loc090907-8-6m_megahit_metabat_bin-030	00027	8.7e-06	19.7	0.1	6.3e-05	17.0	0.0	2.0	1	hypothetical protein
cogOTU_804	4QB1F	1	Loclat_megahit_metabat_bin-02662	00056	8.7e-06	19.7	0.1	6.3e-05	17.0	0.0	2.0	1	hypothetical protein
cogOTU_804	4QBYP	1	Loclat_megahit_metabat_bin-02662	00018	0.00062	12.4	0.0	0.0014	11.3	0.0	1.5	1	hypothetical protein
cogOTU_804	4QBYP	1	Loc090907-8-6m_megahit_metabat_bin-030	00067	0.00062	12.4	0.0	0.0014	11.3	0.0	1.5	1	hypothetical protein
cogOTU_804	4QBYP	1	Loc090721-8-6m_megahit_metabat_bin-0827	00028	0.00073	12.2	0.0	0.0012	11.4	0.0	1.3	1	hypothetical protein
cogOTU_804	4QEB6	1	Loc090907-8-6m_megahit_metabat_bin-030	00052	0.00015	14.6	0.4	0.00015	14.6	0.4	1.0	1	hypothetical protein
cogOTU_804	4QEB6	1	Loclat_megahit_metabat_bin-02662	00035	0.00015	14.6	0.4	0.00015	14.6	0.4	1.0	1	hypothetical protein
cogOTU_804	4QB5I	1	Loc090721-8-6m_megahit_metabat_bin-0827	00022	8.2e-10	31.7	0.0	1e-09	31.4	0.0	1.2	1	ATP-dependent RecD-like DNA helicase
cogOTU_804	4QB5I	1	Loc090907-8-6m_megahit_metabat_bin-030	00061	8.2e-10	31.7	0.0	1e-09	31.4	0.0	1.2	1	ATP-dependent RecD-like DNA helicase
cogOTU_804	4QB5I	1	Loclat_megahit_metabat_bin-02662	00013	8.2e-10	31.7	0.0	1e-09	31.4	0.0	1.2	1	ATP-dependent RecD-like DNA helicase
cogOTU_804	4QFMT	1	Loc090907-8-6m_megahit_metabat_bin-030	00060	0.00079	12.1	0.7	0.0039	9.8	0.1	2.3	1	hypothetical protein
cogOTU_804	4QFMT	1	Loclat_megahit_metabat_bin-02662	00012	0.00079	12.1	0.7	0.0039	9.8	0.1	2.3	1	hypothetical protein
cogOTU_804	4QC7H	1	Loclat_megahit_metabat_bin-02662	00021	2.3e-06	21.1	0.1	2.7e-06	20.9	0.1	1.2	1	hypothetical protein
cogOTU_804	4QC7H	1	Loc090721-8-6m_megahit_metabat_bin-0827	00006	6.4e-06	19.7	0.1	7.6e-06	19.4	0.1	1.2	1	hypothetical protein
cogOTU_804	4QC7H	1	Loc090907-8-6m_megahit_metabat_bin-030	00037	6.4e-06	19.7	0.1	7.6e-06	19.4	0.1	1.2	1	hypothetical protein
cogOTU_804	4QG2D	1	Loc090907-8-6m_megahit_metabat_bin-030	00050	1.9e-06	20.1	2.9	8.1e-06	18.0	0.0	2.6	3	hypothetical protein
cogOTU_804	4QG2D	1	Loclat_megahit_metabat_bin-02662	00033	1.9e-06	20.1	2.9	8.1e-06	18.0	0.0	2.6	3	hypothetical protein
cogOTU_804	4QG4N	1	Loc090907-8-6m_megahit_metabat_bin-030	00008	4.8e-21	67.5	3.6	4.1e-20	64.4	0.0	2.9	3	hypothetical protein
cogOTU_804	4QG4N	1	Loclat_megahit_metabat_bin-02662	00003	5e-21	67.4	3.6	4.1e-20	64.4	0.0	2.9	3	hypothetical protein
cogOTU_804	4QHMN	1	Loc090907-8-6m_megahit_metabat_bin-030	00058	0.00012	13.9	0.4	0.00014	13.7	0.4	1.0	1	hypothetical protein
cogOTU_804	4QHMN	1	Loclat_megahit_metabat_bin-02662	00041	0.00012	13.9	0.4	0.00014	13.7	0.4	1.0	1	hypothetical protein
cogOTU_804	4QE54	1	Loc090907-8-6m_megahit_metabat_bin-030	00028	2.4e-08	27.4	0.0	9.4e-05	15.7	0.0	2.1	2	hypothetical protein
cogOTU_804	4QE54	1	Loc090721-8-6m_megahit_metabat_bin-0827	00015	2.4e-08	27.4	0.0	8.7e-05	15.8	0.0	2.1	2	hypothetical protein
cogOTU_804	4QE54	1	Loclat_megahit_metabat_bin-02662	00055	2.4e-08	27.4	0.0	8.7e-05	15.8	0.0	2.1	2	hypothetical protein
cogOTU_804	4QEHM	1	Loc090907-8-6m_megahit_metabat_bin-030	00001	7.6e-06	18.6	0.0	1.8e-05	17.4	0.0	1.6	1	hypothetical protein
cogOTU_804	4QEHM	1	Loclat_megahit_metabat_bin-02662	00010	7.6e-06	18.6	0.0	1.8e-05	17.4	0.0	1.6	1	hypothetical protein
cogOTU_804	4QFF1	1	Loc090907-8-6m_megahit_metabat_bin-030	00035	1.8e-30	98.7	16.5	1.8e-30	98.7	16.5	2.7	2	hypothetical protein
cogOTU_804	4QFF1	1	Loc090721-8-6m_megahit_metabat_bin-0827	00008	2.1e-30	98.6	16.6	2.1e-30	98.6	16.6	2.7	2	hypothetical protein
cogOTU_804	4QENJ	1	Loc090907-8-6m_megahit_metabat_bin-030	00060	1.1e-06	21.5	0.0	2.2e-06	20.6	0.0	1.4	1	hypothetical protein
cogOTU_804	4QENJ	1	Loclat_megahit_metabat_bin-02662	00012	1.1e-06	21.5	0.0	2.2e-06	20.6	0.0	1.4	1	hypothetical protein
cogOTU_804	4QGMM	1	Loc090721-8-6m_megahit_metabat_bin-0827	00016	3.2e-08	27.0	0.0	4.3e-08	26.6	0.0	1.3	1	hypothetical protein
cogOTU_804	4QGMM	1	Loc090907-8-6m_megahit_metabat_bin-030	00027	3.2e-08	27.0	0.0	4.3e-08	26.6	0.0	1.3	1	hypothetical protein
cogOTU_804	4QGMM	1	Loclat_megahit_metabat_bin-02662	00056	3.2e-08	27.0	0.0	4.3e-08	26.6	0.0	1.3	1	hypothetical protein
cogOTU_804	4QH70	1	Loc090907-8-6m_megahit_metabat_bin-030	00006	0.00044	13.7	0.0	0.00063	13.3	0.0	1.2	1	hypothetical protein
cogOTU_804	4QH70	1	Loclat_megahit_metabat_bin-02662	00005	0.00044	13.7	0.0	0.00063	13.3	0.0	1.2	1	hypothetical protein
cogOTU_804	4QBXR	0	Loc090907-8-6m_megahit_metabat_bin-030	00030	0.017	8.0	8.6	0.044	6.6	8.0	1.8	1	hypothetical protein
cogOTU_804	4QBXR	0	Loc090721-8-6m_megahit_metabat_bin-0827	00013	0.017	8.0	8.6	0.044	6.6	8.0	1.8	1	hypothetical protein
cogOTU_804	4QCT7	1	Loc090721-8-6m_megahit_metabat_bin-0827	00033	0.00031	14.3	0.1	0.00042	13.9	0.1	1.2	1	hypothetical protein
cogOTU_804	4QCT7	1	Loc090907-8-6m_megahit_metabat_bin-030	00002	0.00031	14.3	0.1	0.00042	13.9	0.1	1.2	1	hypothetical protein
cogOTU_804	4QCT7	1	Loclat_megahit_metabat_bin-02662	00009	0.00031	14.3	0.1	0.00042	13.9	0.1	1.2	1	hypothetical protein
cogOTU_804	4QB41	1	Loc090907-8-6m_megahit_metabat_bin-030	00022	8.1e-58	190.0	7.5	1.1e-57	189.5	7.5	1.1	1	hypothetical protein
cogOTU_804	4QB41	1	Loc090721-8-6m_megahit_metabat_bin-0827	00021	8.2e-58	190.0	7.5	1.1e-57	189.5	7.5	1.1	1	hypothetical protein
cogOTU_804	4QB41	1	Loclat_megahit_metabat_bin-02662	00062	2.7e-31	102.6	0.1	4.3e-31	102.0	0.1	1.2	1	hypothetical protein
cogOTU_804	4QD3A	1	Loc090907-8-6m_megahit_metabat_bin-030	00060	0.0002	14.5	0.0	0.012	8.7	0.0	2.3	2	hypothetical protein
cogOTU_804	4QD3A	1	Loclat_megahit_metabat_bin-02662	00012	0.0002	14.5	0.0	0.012	8.7	0.0	2.3	2	hypothetical protein
cogOTU_804	4QEFX	1	Loc090907-8-6m_megahit_metabat_bin-030	00017	7e-08	24.8	0.0	1.2e-07	24.1	0.0	1.3	1	hypothetical protein
cogOTU_804	4QEFX	1	Loclat_megahit_metabat_bin-02662	00048	7e-08	24.8	0.0	1.2e-07	24.1	0.0	1.3	1	hypothetical protein
cogOTU_804	4QGHK	1	Loc090721-8-6m_megahit_metabat_bin-0827	00016	5.4e-13	42.7	0.0	2.4e-11	37.3	0.0	2.0	2	hypothetical protein
cogOTU_804	4QGHK	1	Loc090907-8-6m_megahit_metabat_bin-030	00027	5.4e-13	42.7	0.0	2.4e-11	37.3	0.0	2.0	2	hypothetical protein
cogOTU_804	4QGHK	1	Loclat_megahit_metabat_bin-02662	00056	5.4e-13	42.7	0.0	2.4e-11	37.3	0.0	2.0	2	hypothetical protein
cogOTU_804	4QAKM	1	Loc090907-8-6m_megahit_metabat_bin-030	00067	2.9e-07	23.0	0.2	4.5e-07	22.4	0.2	1.3	1	hypothetical protein
cogOTU_804	4QAKM	1	Loclat_megahit_metabat_bin-02662	00018	4.2e-07	22.5	0.2	7.1e-07	21.7	0.2	1.3	1	hypothetical protein
cogOTU_804	4QAKM	1	Loc090721-8-6m_megahit_metabat_bin-0827	00028	2.9e-05	16.4	0.1	4.7e-05	15.7	0.1	1.3	1	hypothetical protein
cogOTU_804	4QDYV	1	Loc090721-8-6m_megahit_metabat_bin-0827	00003	1.1e-17	57.4	0.0	1.4e-17	57.1	0.0	1.0	1	hypothetical protein
cogOTU_804	4QDYV	1	Loc090907-8-6m_megahit_metabat_bin-030	00040	1.1e-17	57.4	0.0	1.4e-17	57.1	0.0	1.0	1	hypothetical protein
cogOTU_804	4QDYV	1	Loclat_megahit_metabat_bin-02662	00024	1.1e-17	57.4	0.0	1.4e-17	57.1	0.0	1.0	1	hypothetical protein
cogOTU_804	4QGHQ	1	Loc090907-8-6m_megahit_metabat_bin-030	00001	0.0005	13.3	0.1	0.0019	11.4	0.0	1.8	1	hypothetical protein
cogOTU_804	4QGHQ	1	Loclat_megahit_metabat_bin-02662	00010	0.0005	13.3	0.1	0.0019	11.4	0.0	1.8	1	hypothetical protein
cogOTU_804	4QBYN	1	Loclat_megahit_metabat_bin-02662	00003	5.5e-64	209.9	7.2	7.1e-64	209.6	7.2	1.0	1	hypothetical protein
cogOTU_804	4QBYN	1	Loc090907-8-6m_megahit_metabat_bin-030	00008	6.4e-64	209.7	7.5	8.4e-64	209.3	7.5	1.0	1	hypothetical protein
cogOTU_804	4QDPD	1	Loc090907-8-6m_megahit_metabat_bin-030	00039	0.00021	14.1	0.0	0.01	8.6	0.0	2.1	2	hypothetical protein
cogOTU_804	4QDPD	1	Loclat_megahit_metabat_bin-02662	00023	0.00021	14.1	0.0	0.01	8.6	0.0	2.1	2	hypothetical protein
cogOTU_804	4QDPD	1	Loc090721-8-6m_megahit_metabat_bin-0827	00004	0.00022	13.9	0.0	0.011	8.4	0.0	2.1	2	hypothetical protein
cogOTU_804	4QGM3	1	Loc090907-8-6m_megahit_metabat_bin-030	00017	8.4e-14	44.7	0.1	4.3e-11	35.7	0.1	2.1	2	hypothetical protein
cogOTU_804	4QGM3	1	Loclat_megahit_metabat_bin-02662	00048	8.4e-14	44.7	0.1	4.3e-11	35.7	0.1	2.1	2	hypothetical protein
cogOTU_804	4QCMK	1	Loc090721-8-6m_megahit_metabat_bin-0827	00027	4.5e-09	29.3	0.3	8.4e-09	28.4	0.1	1.6	1	hypothetical protein
cogOTU_804	4QCMU	1	Loc090721-8-6m_megahit_metabat_bin-0827	00016	7.6e-13	41.7	0.0	3.2e-12	39.7	0.0	1.8	1	hypothetical protein
cogOTU_804	4QCMU	1	Loc090907-8-6m_megahit_metabat_bin-030	00027	7.6e-13	41.7	0.0	3.2e-12	39.7	0.0	1.8	1	hypothetical protein
cogOTU_804	4QCMU	1	Loclat_megahit_metabat_bin-02662	00056	7.6e-13	41.7	0.0	3.2e-12	39.7	0.0	1.8	1	hypothetical protein
cogOTU_804	4QC5H	1	Loc090907-8-6m_megahit_metabat_bin-030	00056	2.1e-06	20.4	0.0	2.4e-06	20.2	0.0	1.1	1	hypothetical protein
cogOTU_804	4QC5H	1	Loclat_megahit_metabat_bin-02662	00039	2.1e-06	20.4	0.0	2.4e-06	20.2	0.0	1.1	1	hypothetical protein
cogOTU_804	4QAT6	1	Loc090907-8-6m_megahit_metabat_bin-030	00026	5.4e-15	48.9	0.4	6e-15	48.8	0.4	1.0	1	hypothetical protein
cogOTU_804	4QAT6	1	Loclat_megahit_metabat_bin-02662	00057	5.4e-15	48.9	0.4	6e-15	48.8	0.4	1.0	1	hypothetical protein
cogOTU_804	4QAT6	1	Loc090721-8-6m_megahit_metabat_bin-0827	00017	5.5e-15	48.9	0.6	6.1e-15	48.8	0.6	1.0	1	hypothetical protein
cogOTU_804	4QDZH	1	Loc090721-8-6m_megahit_metabat_bin-0827	00007	4.5e-17	55.9	0.8	6e-17	55.5	0.8	1.1	1	hypothetical protein
cogOTU_804	4QDZH	1	Loclat_megahit_metabat_bin-02662	00020	6.4e-17	55.4	0.6	8e-17	55.1	0.6	1.1	1	hypothetical protein
cogOTU_804	4QDZH	1	Loc090907-8-6m_megahit_metabat_bin-030	00036	6.4e-17	55.4	0.6	8e-17	55.1	0.6	1.1	1	hypothetical protein
cogOTU_804	4QEYN	1	Loc090907-8-6m_megahit_metabat_bin-030	00007	7.9e-06	18.4	0.3	6.4e-05	15.4	0.3	2.0	1	hypothetical protein
cogOTU_804	4QEYN	1	Loclat_megahit_metabat_bin-02662	00004	7.9e-06	18.4	0.3	6.4e-05	15.4	0.3	2.0	1	hypothetical protein
cogOTU_804	4QEZR	1	Loc090721-8-6m_megahit_metabat_bin-0827	00005	2.5e-21	69.4	0.0	3.2e-12	39.4	0.1	2.1	2	hypothetical protein
cogOTU_804	4QEZR	1	Loc090907-8-6m_megahit_metabat_bin-030	00038	2.5e-21	69.4	0.0	3.2e-12	39.4	0.1	2.1	2	hypothetical protein
cogOTU_804	4QEZR	1	Loclat_megahit_metabat_bin-02662	00022	2.5e-21	69.4	0.0	3.2e-12	39.4	0.1	2.1	2	hypothetical protein
cogOTU_804	4QAWD	1	Loclat_megahit_metabat_bin-02662	00018	0.00082	11.1	11.4	0.0083	7.7	0.3	3.7	3	hypothetical protein
cogOTU_804	4QAWD	1	Loc090907-8-6m_megahit_metabat_bin-030	00067	0.00089	10.9	11.6	0.0084	7.7	0.3	3.7	3	hypothetical protein
cogOTU_804	4QAWD	1	Loc090721-8-6m_megahit_metabat_bin-0827	00028	0.0024	9.5	10.2	0.0071	8.0	0.3	3.7	3	hypothetical protein
cogOTU_804	4QG0S	1	Loc090907-8-6m_megahit_metabat_bin-030	00060	1e-06	21.7	0.0	2.3e-06	20.6	0.0	1.6	1	hypothetical protein
cogOTU_804	4QG0S	1	Loclat_megahit_metabat_bin-02662	00012	1e-06	21.7	0.0	2.3e-06	20.6	0.0	1.6	1	hypothetical protein
cogOTU_804	4QAYT	1	Loclat_megahit_metabat_bin-02662	00053	5.6e-53	173.8	23.3	6.9e-53	173.5	23.3	1.1	1	hypothetical protein
cogOTU_804	4QAYT	1	Loc090907-8-6m_megahit_metabat_bin-030	00030	6.4e-53	173.6	23.6	7.9e-53	173.3	23.6	1.1	1	hypothetical protein
cogOTU_804	4QAYT	1	Loc090721-8-6m_megahit_metabat_bin-0827	00013	3.7e-52	171.1	23.0	4.6e-52	170.8	23.0	1.1	1	hypothetical protein
cogOTU_804	4QD96	1	Loc090907-8-6m_megahit_metabat_bin-030	00058	2.3e-10	34.1	0.2	2.6e-10	33.9	0.2	1.1	1	hypothetical protein
cogOTU_804	4QD96	1	Loclat_megahit_metabat_bin-02662	00041	2.3e-10	34.1	0.2	2.6e-10	33.9	0.2	1.1	1	hypothetical protein
cogOTU_804	4QAW1	1	Loc090907-8-6m_megahit_metabat_bin-030	00067	4e-68	223.4	3.9	1.2e-67	221.8	3.9	1.7	1	hypothetical protein
cogOTU_804	4QAW1	1	Loclat_megahit_metabat_bin-02662	00018	1e-67	222.0	3.9	3.1e-67	220.4	3.9	1.7	1	hypothetical protein
cogOTU_804	4QAW1	1	Loc090721-8-6m_megahit_metabat_bin-0827	00028	1.8e-65	214.6	1.6	5.6e-65	213.0	1.6	1.7	1	hypothetical protein
cogOTU_804	4QFD1	1	Loclat_megahit_metabat_bin-02662	00062	0.0013	11.9	0.0	0.002	11.2	0.0	1.2	1	hypothetical protein
cogOTU_804	4QGQY	1	Loc090721-8-6m_megahit_metabat_bin-0827	00005	6.4e-12	38.8	0.0	2e-06	20.8	0.0	2.5	2	hypothetical protein
cogOTU_804	4QGQY	1	Loc090907-8-6m_megahit_metabat_bin-030	00038	6.4e-12	38.8	0.0	2e-06	20.8	0.0	2.5	2	hypothetical protein
cogOTU_804	4QGQY	1	Loclat_megahit_metabat_bin-02662	00022	6.4e-12	38.8	0.0	2e-06	20.8	0.0	2.5	2	hypothetical protein
cogOTU_804	4QCE0	1	Loc090721-8-6m_megahit_metabat_bin-0827	00016	0.00073	12.8	0.0	0.0009	12.5	0.0	1.3	1	hypothetical protein
cogOTU_804	4QCE0	1	Loc090907-8-6m_megahit_metabat_bin-030	00027	0.00073	12.8	0.0	0.0009	12.5	0.0	1.3	1	hypothetical protein
cogOTU_804	4QCE0	1	Loclat_megahit_metabat_bin-02662	00056	0.00073	12.8	0.0	0.0009	12.5	0.0	1.3	1	hypothetical protein
cogOTU_804	4QFVY	1	Loc090907-8-6m_megahit_metabat_bin-030	00006	0.00094	12.7	0.0	0.0015	12.0	0.0	1.4	1	hypothetical protein
cogOTU_804	4QFVY	1	Loclat_megahit_metabat_bin-02662	00005	0.00094	12.7	0.0	0.0015	12.0	0.0	1.4	1	hypothetical protein
cogOTU_804	4QAMU	1	Loc090907-8-6m_megahit_metabat_bin-030	00041	1.2e-51	169.6	15.3	3.3e-50	164.8	15.3	2.0	1	hypothetical protein
cogOTU_804	4QAMU	1	Loclat_megahit_metabat_bin-02662	00025	2e-51	168.8	15.1	5.7e-50	164.0	15.1	2.0	1	hypothetical protein
cogOTU_804	4QAMU	1	Loc090721-8-6m_megahit_metabat_bin-0827	00002	3.7e-51	168.0	14.9	1e-49	163.2	14.9	2.0	1	hypothetical protein
cogOTU_804	4QAYE	1	Loc090721-8-6m_megahit_metabat_bin-0827	00003	8.2e-08	25.9	0.0	8.5e-08	25.8	0.0	1.1	1	hypothetical protein
cogOTU_804	4QAYE	1	Loc090907-8-6m_megahit_metabat_bin-030	00040	8.2e-08	25.9	0.0	8.5e-08	25.8	0.0	1.1	1	hypothetical protein
cogOTU_804	4QAYE	1	Loclat_megahit_metabat_bin-02662	00024	8.2e-08	25.9	0.0	8.5e-08	25.8	0.0	1.1	1	hypothetical protein
cogOTU_804	4QBWP	1	Loclat_megahit_metabat_bin-02662	00062	0.0001	15.7	3.1	0.00023	14.6	3.1	1.6	1	hypothetical protein
cogOTU_804	4QBWP	1	Loc090907-8-6m_megahit_metabat_bin-030	00022	0.00021	14.7	2.8	0.00046	13.6	2.8	1.6	1	hypothetical protein
cogOTU_804	4QBWP	1	Loc090721-8-6m_megahit_metabat_bin-0827	00021	0.00025	14.4	3.0	0.00054	13.4	3.0	1.6	1	hypothetical protein
cogOTU_804	4QEUG	1	Loc090721-8-6m_megahit_metabat_bin-0827	00012	0.00046	13.8	0.1	0.00047	13.7	0.1	1.2	1	hypothetical protein
cogOTU_804	4QEUG	1	Loc090907-8-6m_megahit_metabat_bin-030	00031	0.00052	13.6	0.1	0.00053	13.6	0.1	1.2	1	hypothetical protein
cogOTU_804	4QEUG	1	Loc090721-8-6m_megahit_metabat_bin-0827	00011	0.0011	12.5	0.0	0.0014	12.2	0.0	1.2	1	hypothetical protein
cogOTU_804	4QEUG	1	Loc090907-8-6m_megahit_metabat_bin-030	00032	0.0011	12.5	0.0	0.0014	12.2	0.0	1.2	1	hypothetical protein
cogOTU_804	4QEUG	1	Loclat_megahit_metabat_bin-02662	00051	0.0011	12.5	0.0	0.0014	12.2	0.0	1.2	1	hypothetical protein
cogOTU_804	4QH72	1	Loc090907-8-6m_megahit_metabat_bin-030	00031	0.00062	13.6	0.0	0.00087	13.1	0.0	1.2	1	hypothetical protein
cogOTU_804	4QH72	1	Loc090721-8-6m_megahit_metabat_bin-0827	00012	0.00073	13.4	0.0	0.001	12.9	0.0	1.2	1	hypothetical protein
cogOTU_804	4QH72	1	Loclat_megahit_metabat_bin-02662	00052	0.0013	12.6	0.0	0.0017	12.1	0.0	1.2	1	hypothetical protein
cogOTU_804	4QE5W	1	Loclat_megahit_metabat_bin-02662	00028	4.9e-07	22.4	0.0	0.00022	13.7	0.0	2.1	2	hypothetical protein
cogOTU_804	4QE5W	1	Loc090721-8-6m_megahit_metabat_bin-0827	00034	5e-07	22.4	0.0	0.00026	13.4	0.0	2.1	2	hypothetical protein
cogOTU_804	4QE5W	1	Loc090907-8-6m_megahit_metabat_bin-030	00045	6.4e-05	15.5	0.0	7.6e-05	15.2	0.0	1.1	1	hypothetical protein
cogOTU_804	4QGR4	1	Loc090721-8-6m_megahit_metabat_bin-0827	00001	2.3e-05	17.4	0.0	3.3e-05	16.9	0.0	1.2	1	hypothetical protein
cogOTU_804	4QGR4	1	Loc090907-8-6m_megahit_metabat_bin-030	00042	2.3e-05	17.4	0.0	3.3e-05	16.9	0.0	1.2	1	hypothetical protein
cogOTU_804	4QGR4	1	Loclat_megahit_metabat_bin-02662	00026	2.3e-05	17.4	0.0	3.3e-05	16.9	0.0	1.2	1	hypothetical protein
cogOTU_804	4QHQ9	1	Loc090721-8-6m_megahit_metabat_bin-0827	00016	3.3e-12	40.0	0.0	3.8e-12	39.8	0.0	1.0	1	hypothetical protein
cogOTU_804	4QHQ9	1	Loc090907-8-6m_megahit_metabat_bin-030	00027	3.3e-12	40.0	0.0	3.8e-12	39.8	0.0	1.0	1	hypothetical protein
cogOTU_804	4QHQ9	1	Loclat_megahit_metabat_bin-02662	00056	3.3e-12	40.0	0.0	3.8e-12	39.8	0.0	1.0	1	hypothetical protein
cogOTU_804	4QHDM	1	Loc090907-8-6m_megahit_metabat_bin-030	00017	6.3e-05	15.1	0.1	0.015	7.3	0.1	2.1	2	hypothetical protein
cogOTU_804	4QHDM	1	Loclat_megahit_metabat_bin-02662	00048	6.3e-05	15.1	0.1	0.015	7.3	0.1	2.1	2	hypothetical protein
cogOTU_804	4QB47	1	Loc090907-8-6m_megahit_metabat_bin-030	00061	3.1e-11	35.0	0.0	1.2e-08	26.4	0.0	2.0	2	ATP-dependent RecD-like DNA helicase
cogOTU_804	4QB47	1	Loclat_megahit_metabat_bin-02662	00013	3.1e-11	35.0	0.0	1.2e-08	26.4	0.0	2.0	2	ATP-dependent RecD-like DNA helicase
cogOTU_804	4QB47	1	Loc090721-8-6m_megahit_metabat_bin-0827	00022	3.2e-11	35.0	0.0	1.3e-08	26.4	0.0	2.0	2	ATP-dependent RecD-like DNA helicase
cogOTU_804	4QEK7	1	Loc090907-8-6m_megahit_metabat_bin-030	00050	5.8e-09	28.3	0.4	1.8e-08	26.7	0.0	2.0	2	hypothetical protein
cogOTU_804	4QEK7	1	Loclat_megahit_metabat_bin-02662	00033	5.8e-09	28.3	0.4	1.8e-08	26.7	0.0	2.0	2	hypothetical protein
cogOTU_804	4QATN	1	Loclat_megahit_metabat_bin-02662	00019	0.00074	13.1	2.5	0.0069	10.0	0.3	2.2	2	hypothetical protein
cogOTU_804	4QB8A	1	Loc090721-8-6m_megahit_metabat_bin-0827	00022	8.7e-09	27.2	0.5	3e-06	18.8	0.0	2.1	2	ATP-dependent RecD-like DNA helicase
cogOTU_804	4QB8A	1	Loc090907-8-6m_megahit_metabat_bin-030	00061	8.7e-09	27.2	0.5	3e-06	18.8	0.0	2.1	2	ATP-dependent RecD-like DNA helicase
cogOTU_804	4QB8A	1	Loclat_megahit_metabat_bin-02662	00013	8.7e-09	27.2	0.5	3e-06	18.8	0.0	2.1	2	ATP-dependent RecD-like DNA helicase
cogOTU_804	4QCHF	1	Loc090907-8-6m_megahit_metabat_bin-030	00061	0.00014	14.5	0.0	0.0035	9.9	0.0	2.2	2	ATP-dependent RecD-like DNA helicase
cogOTU_804	4QCHF	1	Loclat_megahit_metabat_bin-02662	00013	0.00014	14.5	0.0	0.0035	9.9	0.0	2.2	2	ATP-dependent RecD-like DNA helicase
cogOTU_804	4QCHF	1	Loc090721-8-6m_megahit_metabat_bin-0827	00022	0.00014	14.5	0.0	0.0035	9.9	0.0	2.2	2	ATP-dependent RecD-like DNA helicase
cogOTU_804	4QBTM	1	Loc090907-8-6m_megahit_metabat_bin-030	00060	5.8e-27	86.4	0.0	8e-27	86.0	0.0	1.0	1	hypothetical protein
cogOTU_804	4QBTM	1	Loclat_megahit_metabat_bin-02662	00012	5.8e-27	86.4	0.0	8e-27	86.0	0.0	1.0	1	hypothetical protein
